PROV1;Rayne;Rayne;Rayne;;;;;;;;;x
PROV2;Rudeforge;Rudeforge;Rudeforge;;;;;;;;;x
PROV3;Pontréal;Pontréal;Pontréal;;;;;;;;;x
PROV4;Isle-Esmeralde;Isle-Esmeralde;Isle-Esmeralde;;;;;;;;;x
PROV5;Rocheroyale;Rocheroyale;Rocheroyale;;;;;;;;;x
PROV6;Rivevaux;Rivevaux;Rivevaux;;;;;;;;;x
PROV7;Portbrume;Portbrume;Portbrume;;;;;;;;;x
PROV8;Hautroc;Hautroc;Hautroc;;;;;;;;;x
PROV9;Augnon;Augnon;Augnon;;;;;;;;;x
PROV10;Lierretour;Lierretour;Lierretour;;;;;;;;;x
PROV11;Briban;Briban;Briban;;;;;;;;;x
PROV12;Villosque;Villosque;Villosque;;;;;;;;;x
PROV13;Trone;Trone;Trone;;;;;;;;;x
PROV14;Vauvord;Vauvord;Vauvord;;;;;;;;;x
PROV15;Lonrois;Lonrois;Lonrois;;;;;;;;;x
PROV16;Agrec;Agrec;Agrec;;;;;;;;;x
PROV17;Falzine;Falzine;Falzine;;;;;;;;;x
PROV18;Sigord;Sigord;Sigord;;;;;;;;;x
PROV19;Fontenail;Fontenail;Fontenail;;;;;;;;;x
PROV20;Bafuse;Bafuse;Bafuse;;;;;;;;;x
PROV21;Tonsidord;Tonsidord;Tonsidord;;;;;;;;;x
PROV22;Pegragne;Pegragne;Pegragne;;;;;;;;;x
PROV23;Picroux;Picroux;Picroux;;;;;;;;;x
PROV24;Domotte;Domotte;Domotte;;;;;;;;;x
PROV25;Talchamp;Talchamp;Talchamp;;;;;;;;;x
PROV26;Noirlieu;Noirlieu;Noirlieu;;;;;;;;;x
PROV28;Val D'or;Val D'or;Val D'or;;;;;;;;;x
PROV29;Nont;Nont;Nont;;;;;;;;;x
PROV30;Puire;Puire;Puire;;;;;;;;;x
PROV31;Mespaux;Mespaux;Mespaux;;;;;;;;;x
PROV32;Val-de-Oèst;Val-de-Oèst;Val-de-Oèst;;;;;;;;;x
PROV33;Tolanho;Tolanho;Tolanho;;;;;;;;;x
PROV34;Pas;Pas;Pas;;;;;;;;;x
PROV35;Solenha;Solenha;Solenha;;;;;;;;;x
PROV36;Milhonta;Milhonta;Milhonta;;;;;;;;;x
PROV37;Val-de-Solelh;Val-de-Solelh;Val-de-Solelh;;;;;;;;;x
PROV38;Filho;Filho;Filho;;;;;;;;;x
PROV39;Neramonta;Neramonta;Neramonta;;;;;;;;;x
PROV40;Malacanta;Malacanta;Malacanta;;;;;;;;;x
PROV41;Rena;Rena;Rena;;;;;;;;;x
PROV42;Bethval;Bethval;Bethval;;;;;;;;;x
PROV43;Rigaille;Rigaille;Rigaille;;;;;;;;;x
PROV44;Nicolet;Nicolet;Nicolet;;;;;;;;;x
PROV45;Coméale;Coméale;Coméale;;;;;;;;;x
PROV46;Longueuil;Longueuil;Longueuil;;;;;;;;;x
PROV47;Quibelle;Quibelle;Quibelle;;;;;;;;;x
PROV48;Lamont;Lamont;Lamont;;;;;;;;;x
PROV49;Rigauche;Rigauche;Rigauche;;;;;;;;;x
PROV50;Cerfval;Cerfval;Cerfval;;;;;;;;;x
PROV51;Masardis;Masardis;Masardis;;;;;;;;;x
PROV52;Befent;Befent;Befent;;;;;;;;;x
PROV53;Presque;Presque;Presque;;;;;;;;;x
PROV54;Brière;Brière;Brière;;;;;;;;;x
PROV55;Laval;Laval;Laval;;;;;;;;;x
PROV56;Coline;Coline;Coline;;;;;;;;;x
PROV57;Levec;Levec;Levec;;;;;;;;;x
PROV58;Tontfoil;Tontfoil;Tontfoil;;;;;;;;;x
PROV59;Vraudneau;Vraudneau;Vraudneau;;;;;;;;;x
PROV60;Montent;Montent;Montent;;;;;;;;;x
PROV61;La Paix;La Paix;La Paix;;;;;;;;;x
PROV62;Cabrie;Cabrie;Cabrie;;;;;;;;;x
PROV64;Larosée;Larosée;Larosée;;;;;;;;;x
PROV65;Fortineau;Fortineau;Fortineau;;;;;;;;;x
PROV66;Nuagegris;Nuagegris;Nuagegris;;;;;;;;;x
PROV67;Deuxsaintes;Deuxsaintes;Deuxsaintes;;;;;;;;;x
PROV68;Aboire;Aboire;Aboire;;;;;;;;;x
PROV69;Pellieu;Pellieu;Pellieu;;;;;;;;;x
PROV70;Vern?;Vern?;Vern?;;;;;;;;;x
PROV71;Carentomagos;Carentomagos;Carentomagos;;;;;;;;;x
PROV72;Heure;Heure;Heure;;;;;;;;;x
PROV73;Pontneuf;Pontneuf;Pontneuf;;;;;;;;;x
PROV74;L'aigle;L'aigle;L'aigle;;;;;;;;;x
PROV75;Mivrone;Mivrone;Mivrone;;;;;;;;;x
PROV76;Auville;Auville;Auville;;;;;;;;;x
PROV77;Visalle;Visalle;Visalle;;;;;;;;;x
PROV78;Choigan;Choigan;Choigan;;;;;;;;;x
PROV79;Vitres;Vitres;Vitres;;;;;;;;;x
PROV80;Champtrèfle;Champtrèfle;Champtrèfle;;;;;;;;;x
PROV81;Saintbrume;Saintbrume;Saintbrume;;;;;;;;;x
PROV83;Granville;Granville;Granville;;;;;;;;;x
PROV86;Montverneau;Montverneau;Montverneau;;;;;;;;;x
PROV87;Elaine;Elaine;Elaine;;;;;;;;;x
PROV89;Morigal;Morigal;Morigal;;;;;;;;;x
PROV90;Estelle;Estelle;Estelle;;;;;;;;;x
PROV92;Rennaise;Rennaise;Rennaise;;;;;;;;;x
PROV93;Guimon;Guimon;Guimon;;;;;;;;;x
PROV95;Ausoleil;Ausoleil;Ausoleil;;;;;;;;;x
PROV96;Rognaise;Rognaise;Rognaise;;;;;;;;;x
PROV97;Moncabriere;Moncabriere;Moncabriere;;;;;;;;;x
PROV98;Cagac;Cagac;Cagac;;;;;;;;;x
PROV99;Mibarne;Mibarne;Mibarne;;;;;;;;;x
PROV100;Pevalle;Pevalle;Pevalle;;;;;;;;;x
PROV101;Maloys;Maloys;Maloys;;;;;;;;;x
PROV102;Laronce;Laronce;Laronce;;;;;;;;;x
PROV103;Canibri;Canibri;Canibri;;;;;;;;;x
PROV104;Choineuf;Choineuf;Choineuf;;;;;;;;;x
PROV105;Muron;Muron;Muron;;;;;;;;;x
PROV106;Estre;Estre;Estre;;;;;;;;;x
PROV107;Vigalle;Vigalle;Vigalle;;;;;;;;;x
PROV108;Mouen;Mouen;Mouen;;;;;;;;;x
PROV109;Honflour;Honflour;Honflour;;;;;;;;;x
PROV110;Vire;Vire;Vire;;;;;;;;;x
PROV111;Montain;Montain;Montain;;;;;;;;;x
PROV112;Flos;Flos;Flos;;;;;;;;;x
PROV113;Laplace;Laplace;Laplace;;;;;;;;;x
PROV114;Ambegles;Ambegles;Ambegles;;;;;;;;;x
PROV115;Malieu;Malieu;Malieu;;;;;;;;;x
PROV116;Rocmirail;Rocmirail;Rocmirail;;;;;;;;;x
PROV117;Tour;Tour;Tour;;;;;;;;;x
PROV118;Juraise;Juraise;Juraise;;;;;;;;;x
PROV119;Domfort;Domfort;Domfort;;;;;;;;;x
PROV120;Clerncy;Clerncy;Clerncy;;;;;;;;;x
PROV123;Castelfol;Castelfol;Castelfol;;;;;;;;;x
PROV124;Basbord;Basbord;Basbord;;;;;;;;;x
PROV125;Vieilpic;Vieilpic;Vieilpic;;;;;;;;;x
PROV126;Forgeours;Forgeours;Forgeours;;;;;;;;;x
PROV127;Aiguevieille;Aiguevieille;Aiguevieille;;;;;;;;;x
PROV128;Castellaine;Castellaine;Castellaine;;;;;;;;;x
PROV129;Lepont;Lepont;Lepont;;;;;;;;;x
PROV130;Bourgfier;Bourgfier;Bourgfier;;;;;;;;;x
PROV131;Rochere;Rochere;Rochere;;;;;;;;;x
PROV132;Morcelle;Morcelle;Morcelle;;;;;;;;;x
PROV133;Le Fleuve Impériale;Le Fleuve Impériale;Le Fleuve Impériale;;;;;;;;;x
PROV134;La Grande Rivière;La Grande Rivière;La Grande Rivière;;;;;;;;;x
PROV135;Le Grand Fleuve;Le Grand Fleuve;Le Grand Fleuve;;;;;;;;;x
PROV136;The Great River;The Great River;The Great River;;;;;;;;;x
PROV137;The Great River;The Great River;The Great River;;;;;;;;;x
PROV138;The Great River;The Great River;The Great River;;;;;;;;;x
PROV139;An Loch Mòr;An Loch Mòr;An Loch Mòr;;;;;;;;;x
PROV140;An Loch Mòr;An Loch Mòr;An Loch Mòr;;;;;;;;;x
PROV141;Loch Rannoch;Loch Rannoch;Loch Rannoch;;;;;;;;;x
PROV142;Tuath;Tuath;Tuath;;;;;;;;;x
PROV143;Bhric;Bhric;Bhric;;;;;;;;;x
PROV144;Réony;Réony;Réony;;;;;;;;;x
PROV145;Haut-Réony;Haut-Réony;Haut-Réony;;;;;;;;;x
PROV146;Lac Narne;Lac Narne;Lac Narne;;;;;;;;;x
PROV147;Medford;Medford;Medford;;;;;;;;;x
PROV148;Blisey;Blisey;Blisey;;;;;;;;;x
PROV149;Westover;Westover;Westover;;;;;;;;;x
PROV150;Selby;Selby;Selby;;;;;;;;;x
PROV151;Fulhill;Fulhill;Fulhill;;;;;;;;;x
PROV152;Canternay;Canternay;Canternay;;;;;;;;;x
PROV154;St Martin;St Martin;St Martin;;;;;;;;;x
PROV155;Norborough;Norborough;Norborough;;;;;;;;;x
PROV156;Forney;Forney;Forney;;;;;;;;;x
PROV157;June;June;June;;;;;;;;;x
PROV158;Williams;Williams;Williams;;;;;;;;;x
PROV159;Bleston;Bleston;Bleston;;;;;;;;;x
PROV160;Peddleton;Peddleton;Peddleton;;;;;;;;;x
PROV161;Glenwood;Glenwood;Glenwood;;;;;;;;;x
PROV162;Hilt;Hilt;Hilt;;;;;;;;;x
PROV163;Westbridge;Westbridge;Westbridge;;;;;;;;;x
PROV164;Brimpton;Brimpton;Brimpton;;;;;;;;;x
PROV165;Taylorsville;Taylorsville;Taylorsville;;;;;;;;;x
PROV166;Norden;Norden;Norden;;;;;;;;;x
PROV167;Kirkwood;Kirkwood;Kirkwood;;;;;;;;;x
PROV168;Ambrose;Ambrose;Ambrose;;;;;;;;;x
PROV169;Matherton;Matherton;Matherton;;;;;;;;;x
PROV170;Oakridge;Oakridge;Oakridge;;;;;;;;;x
PROV171;Stansford;Stansford;Stansford;;;;;;;;;x
PROV172;Norville;Norville;Norville;;;;;;;;;x
PROV173;Woodton;Woodton;Woodton;;;;;;;;;x
PROV174;Riversedge;Riversedge;Riversedge;;;;;;;;;x
PROV175;Ainsley Isle;Ainsley Isle;Ainsley Isle;;;;;;;;;x
PROV176;Hayes;Hayes;Hayes;;;;;;;;;x
PROV177;Scole;Scole;Scole;;;;;;;;;x
PROV178;Ancaster;Ancaster;Ancaster;;;;;;;;;x
PROV179;Hamford;Hamford;Hamford;;;;;;;;;x
PROV180;Thorne;Thorne;Thorne;;;;;;;;;x
PROV181;Kilburn;Kilburn;Kilburn;;;;;;;;;x
PROV182;Catterford;Catterford;Catterford;;;;;;;;;x
PROV183;Fordham;Fordham;Fordham;;;;;;;;;x
PROV184;Winsford;Winsford;Winsford;;;;;;;;;x
PROV185;Meldon;Meldon;Meldon;;;;;;;;;x
PROV186;Walton;Walton;Walton;;;;;;;;;x
PROV187;Bramham;Bramham;Bramham;;;;;;;;;x
PROV188;Scarcroft;Scarcroft;Scarcroft;;;;;;;;;x
PROV189;Brearton;Brearton;Brearton;;;;;;;;;x
PROV190;Timble;Timble;Timble;;;;;;;;;x
PROV191;Well;Well;Well;;;;;;;;;x
PROV192;;;;;;;;;;;;x
PROV193;;;;;;;;;;;;x
PROV194;;;;;;;;;;;;x
PROV195;;;;;;;;;;;;x
PROV196;Braithwell;Braithwell;Braithwell;;;;;;;;;x
PROV197;Todmorden;Todmorden;Todmorden;;;;;;;;;x
PROV198;Altofts;Altofts;Altofts;;;;;;;;;x
PROV199;Rothwell;Rothwell;Rothwell;;;;;;;;;x
PROV200;Swillington;Swillington;Swillington;;;;;;;;;x
PROV201;Metley;Metley;Metley;;;;;;;;;x
PROV202;Annaglin;Annaglin;Annaglin;;;;;;;;;x
PROV203;Binnein;Binnein;Binnein;;;;;;;;;x
PROV204;Lairigmor;Lairigmor;Lairigmor;;;;;;;;;x
PROV205;Kinleven;Kinleven;Kinleven;;;;;;;;;x
PROV206;Glencruitten;Glencruitten;Glencruitten;;;;;;;;;x
PROV207;Arrochar;Arrochar;Arrochar;;;;;;;;;x
PROV208;Oban;Oban;Oban;;;;;;;;;x
PROV209;Dunbeg;Dunbeg;Dunbeg;;;;;;;;;x
PROV210;Connel;Connel;Connel;;;;;;;;;x
PROV211;;;;;;;;;;;;x
PROV212;;;;;;;;;;;;x
PROV213;;;;;;;;;;;;x
PROV214;;;;;;;;;;;;x
PROV215;;;;;;;;;;;;x
PROV216;;;;;;;;;;;;x
PROV217;;;;;;;;;;;;x
PROV218;Catalina;Catalina;Catalina;;;;;;;;;x
PROV219;Bochia;Bochia;Bochia;;;;;;;;;x
PROV220;Pardine;Pardine;Pardine;;;;;;;;;x
PROV221;Siciu;Siciu;Siciu;;;;;;;;;x
PROV222;Potoc;Potoc;Potoc;;;;;;;;;x
PROV223;Maluri;Maluri;Maluri;;;;;;;;;x
PROV224;Luncani;Luncani;Luncani;;;;;;;;;x
PROV225;Corlata;Corlata;Corlata;;;;;;;;;x
PROV226;Ortovia;Ortovia;Ortovia;;;;;;;;;x
PROV227;Savenii;Savenii;Savenii;;;;;;;;;x
PROV228;Covragii;Covragii;Covragii;;;;;;;;;x
PROV229;Plotu;Plotu;Plotu;;;;;;;;;x
PROV230;Regiu;Regiu;Regiu;;;;;;;;;x
PROV231;Prahuda;Prahuda;Prahuda;;;;;;;;;x
PROV232;Taratu;Taratu;Taratu;;;;;;;;;x
PROV233;Petreni;Petreni;Petreni;;;;;;;;;x
PROV234;Seuca;Seuca;Seuca;;;;;;;;;x
PROV235;Valeni;Valeni;Valeni;;;;;;;;;x
PROV236;Locodeni;Locodeni;Locodeni;;;;;;;;;x
PROV237;Mica;Mica;Mica;;;;;;;;;x
PROV238;Teleac;Teleac;Teleac;;;;;;;;;x
PROV239;Bagau;Bagau;Bagau;;;;;;;;;x
PROV241;Gratia;Gratia;Gratia;;;;;;;;;x
PROV242;Comoara;Comoara;Comoara;;;;;;;;;x
PROV244;Garanou;Garanou;Garanou;;;;;;;;;x
PROV245;Prades;Prades;Prades;;;;;;;;;x
PROV247;Cailla;Cailla;Cailla;;;;;;;;;x
PROV248;Abella;Abella;Abella;;;;;;;;;x
PROV249;Molló;Molló;Molló;;;;;;;;;x
PROV250;Tosses;Tosses;Tosses;;;;;;;;;x
PROV251;Vilaró;Vilaró;Vilaró;;;;;;;;;x
PROV252;La Molina;La Molina;La Molina;;;;;;;;;x
PROV253;Abrera;Abrera;Abrera;;;;;;;;;x
PROV254;Bescanó;Bescanó;Bescanó;;;;;;;;;x
PROV255;Riells;Riells;Riells;;;;;;;;;x
PROV256;Bascàra;Bascàra;Bascàra;;;;;;;;;x
PROV257;Villadrau;Villadrau;Villadrau;;;;;;;;;x
PROV258;Aren;Aren;Aren;;;;;;;;;x
PROV259;Fonz;Fonz;Fonz;;;;;;;;;x
PROV260;Verdu;Verdu;Verdu;;;;;;;;;x
PROV261;Celrà;Celrà;Celrà;;;;;;;;;x
PROV262;Isona;Isona;Isona;;;;;;;;;x
PROV263;Ponts;Ponts;Ponts;;;;;;;;;x
PROV264;Clarvalls;Clarvalls;Clarvalls;;;;;;;;;x
PROV265;Altet;Altet;Altet;;;;;;;;;x
PROV266;Montpol;Montpol;Montpol;;;;;;;;;x
PROV269;Sadernes;Sadernes;Sadernes;;;;;;;;;x
PROV270;Bordils;Bordils;Bordils;;;;;;;;;x
PROV271;Pontós;Pontós;Pontós;;;;;;;;;x
PROV272;Esponellà;Esponellà;Esponellà;;;;;;;;;x
PROV273;Seva;Seva;Seva;;;;;;;;;x
PROV274;Corçà;Corçà;Corçà;;;;;;;;;x
PROV275;Tortella;Tortella;Tortella;;;;;;;;;x
PROV276;Fares;Fares;Fares;;;;;;;;;x
PROV277;Massanes;Massanes;Massanes;;;;;;;;;x
PROV278;Tona;Tona;Tona;;;;;;;;;x
PROV279;Crespià;Crespià;Crespià;;;;;;;;;x
PROV280;Vilademuls;Vilademuls;Vilademuls;;;;;;;;;x
PROV281;Usall;Usall;Usall;;;;;;;;;x
PROV282;Rubite;Rubite;Rubite;;;;;;;;;x
PROV283;Lujario;Lujario;Lujario;;;;;;;;;x
PROV284;Prado;Prado;Prado;;;;;;;;;x
PROV285;Santana;Santana;Santana;;;;;;;;;x
PROV286;Poloria;Poloria;Poloria;;;;;;;;;x
PROV287;Deifontes;Deifontes;Deifontes;;;;;;;;;x
PROV288;Cambil;Cambil;Cambil;;;;;;;;;x
PROV289;Noalejo;Noalejo;Noalejo;;;;;;;;;x
PROV290;Lopera;Lopera;Lopera;;;;;;;;;x
PROV291;Arona;Arona;Arona;;;;;;;;;x
PROV292;Alcoba;Alcoba;Alcoba;;;;;;;;;x
PROV293;Luciana;Luciana;Luciana;;;;;;;;;x
PROV294;Alamillo;Alamillo;Alamillo;;;;;;;;;x
PROV295;Yeles;Yeles;Yeles;;;;;;;;;x
PROV296;Sesena;Sesena;Sesena;;;;;;;;;x
PROV297;Arenas;Arenas;Arenas;;;;;;;;;x
PROV298;Ceira;Ceira;Ceira;;;;;;;;;x
PROV299;Punto;Punto;Punto;;;;;;;;;x
PROV300;Valseca;Valseca;Valseca;;;;;;;;;x
PROV301;Cabezal;Cabezal;Cabezal;;;;;;;;;x
PROV302;Penacova;Penacova;Penacova;;;;;;;;;x
PROV303;Marín;Marín;Marín;;;;;;;;;x
PROV304;Rosais;Rosais;Rosais;;;;;;;;;x
PROV305;Moniz;Moniz;Moniz;;;;;;;;;x
PROV306;Arucas;Arucas;Arucas;;;;;;;;;x
PROV307;Xonacatlan;Xonacatlan;Xonacatlan;;;;;;;;;x
PROV308;Tuxpan;Tuxpan;Tuxpan;;;;;;;;;x
PROV309;Metlapa;Metlapa;Metlapa;;;;;;;;;x
PROV310;Quillazù;Quillazù;Quillazù;;;;;;;;;x
PROV311;Cotahuasi;Cotahuasi;Cotahuasi;;;;;;;;;x
PROV312;;;;;;;;;;;;x
PROV313;;;;;;;;;;;;x
PROV314;;;;;;;;;;;;x
PROV315;;;;;;;;;;;;x
PROV316;;;;;;;;;;;;x
PROV317;;;;;;;;;;;;x
PROV318;;;;;;;;;;;;x
PROV319;;;;;;;;;;;;x
PROV320;;;;;;;;;;;;x
PROV321;;;;;;;;;;;;x
PROV322;;;;;;;;;;;;x
PROV323;;;;;;;;;;;;x
PROV324;Falerona;Falerona;Falerona;;;;;;;;;x
PROV325;Tocchia;Tocchia;Tocchia;;;;;;;;;x
PROV326;Ceriana;Ceriana;Ceriana;;;;;;;;;x
PROV327;Pettino;Pettino;Pettino;;;;;;;;;x
PROV328;Avoglie;Avoglie;Avoglie;;;;;;;;;x
PROV329;Feltre;Feltre;Feltre;;;;;;;;;x
PROV330;Vindoli;Vindoli;Vindoli;;;;;;;;;x
PROV331;Sentino;Sentino;Sentino;;;;;;;;;x
PROV332;Tosca;Tosca;Tosca;;;;;;;;;x
PROV333;Capraccia;Capraccia;Capraccia;;;;;;;;;x
PROV334;Cileia;Cileia;Cileia;;;;;;;;;x
PROV335;Lerca;Lerca;Lerca;;;;;;;;;x
PROV336;Sormano;Sormano;Sormano;;;;;;;;;x
PROV337;Spineo;Spineo;Spineo;;;;;;;;;x
PROV338;Amianti;Amianti;Amianti;;;;;;;;;x
PROV339;Mulin;Mulin;Mulin;;;;;;;;;x
PROV340;Funtana;Funtana;Funtana;;;;;;;;;x
PROV341;Valsot;Valsot;Valsot;;;;;;;;;x
PROV342;Galiazzo;Galiazzo;Galiazzo;;;;;;;;;x
PROV343;Sirmione;Sirmione;Sirmione;;;;;;;;;x
PROV345;Navene;Navene;Navene;;;;;;;;;x
PROV346;Carisa;Carisa;Carisa;;;;;;;;;x
PROV347;Mori;Mori;Mori;;;;;;;;;x
PROV348;Montemassi;Montemassi;Montemassi;;;;;;;;;x
PROV349;Boglia;Boglia;Boglia;;;;;;;;;x
PROV350;Caldera;Caldera;Caldera;;;;;;;;;x
PROV351;Fiori;Fiori;Fiori;;;;;;;;;x
PROV352;Aquilegia;Aquilegia;Aquilegia;;;;;;;;;x
PROV353;Campanula;Campanula;Campanula;;;;;;;;;x
PROV354;Pretore;Pretore;Pretore;;;;;;;;;x
PROV355;Meridiano;Meridiano;Meridiano;;;;;;;;;x
PROV356;Ariscia;Ariscia;Ariscia;;;;;;;;;x
PROV360;Anania;Anania;Anania;;;;;;;;;x
PROV361;Silanu;Silanu;Silanu;;;;;;;;;x
PROV362;Boroneddu;Boroneddu;Boroneddu;;;;;;;;;x
PROV363;;;;;;;;;;;;x
PROV364;Ronzano;Ronzano;Ronzano;;;;;;;;;x
PROV365;Bisenti;Bisenti;Bisenti;;;;;;;;;x
PROV366;Scafa;Scafa;Scafa;;;;;;;;;x
PROV367;Cerratina;Cerratina;Cerratina;;;;;;;;;x
PROV368;Mossa;Mossa;Mossa;;;;;;;;;x
PROV369;Perano;Perano;Perano;;;;;;;;;x
PROV370;Altino;Altino;Altino;;;;;;;;;x
PROV371;Larino;Larino;Larino;;;;;;;;;x
PROV372;Archi;Archi;Archi;;;;;;;;;x
PROV373;Cona;Cona;Cona;;;;;;;;;x
PROV375;Corona;Corona;Corona;;;;;;;;;x
PROV377;Torrù;Torrù;Torrù;;;;;;;;;x
PROV378;Carapelle;Carapelle;Carapelle;;;;;;;;;x
PROV379;Sepino;Sepino;Sepino;;;;;;;;;x
PROV380;Agnoni;Agnoni;Agnoni;;;;;;;;;x
PROV381;Riccio;Riccio;Riccio;;;;;;;;;x
PROV384;Topolo;Topolo;Topolo;;;;;;;;;x
PROV385;Firmano;Firmano;Firmano;;;;;;;;;x
PROV386;Medana;Medana;Medana;;;;;;;;;x
PROV387;Oborza;Oborza;Oborza;;;;;;;;;x
PROV388;Gemona;Gemona;Gemona;;;;;;;;;x
PROV389;Padermo;Padermo;Padermo;;;;;;;;;x
PROV390;Patoco;Patoco;Patoco;;;;;;;;;x
PROV391;Drenchia;Drenchia;Drenchia;;;;;;;;;x
PROV392;Fiume Plevia;Fiume Plevia;Fiume Plevia;;;;;;;;;x
PROV393;Fiume Plevia;Fiume Plevia;Fiume Plevia;;;;;;;;;x
PROV394;Fiume Plevia;Fiume Plevia;Fiume Plevia;;;;;;;;;x
PROV395;Râu Urs;Râu Urs;Râu Urs;;;;;;;;;x
PROV396;Râu Plevia;Râu Plevia;Râu Plevia;;;;;;;;;x
PROV397;Rosini;Rosini;Rosini;;;;;;;;;x
PROV398;Lipica;Lipica;Lipica;;;;;;;;;x
PROV399;Gradina;Gradina;Gradina;;;;;;;;;x
PROV400;Gedici;Gedici;Gedici;;;;;;;;;x
PROV401;Cerreto;Cerreto;Cerreto;;;;;;;;;x
PROV402;Rovigno;Rovigno;Rovigno;;;;;;;;;x
PROV403;Montana;Montana;Montana;;;;;;;;;x
PROV404;Fasana;Fasana;Fasana;;;;;;;;;x
PROV407;Vodei;Vodei;Vodei;;;;;;;;;x
PROV408;Fuzine;Fuzine;Fuzine;;;;;;;;;x
PROV409;Matese;Matese;Matese;;;;;;;;;x
PROV410;Soline;Soline;Soline;;;;;;;;;x
PROV411;Dani;Dani;Dani;;;;;;;;;x
PROV412;Gorinci;Gorinci;Gorinci;;;;;;;;;x
PROV413;Fazana;Fazana;Fazana;;;;;;;;;x
PROV414;Pribinci;Pribinci;Pribinci;;;;;;;;;x
PROV415;Suica;Suica;Suica;;;;;;;;;x
PROV416;Morava;Morava;Morava;;;;;;;;;x
PROV417;Preza;Preza;Preza;;;;;;;;;x
PROV419;Meracin;Meracin;Meracin;;;;;;;;;x
PROV420;Pechea;Pechea;Pechea;;;;;;;;;x
PROV421;Casicea;Casicea;Casicea;;;;;;;;;x
PROV422;Ballaban;Ballaban;Ballaban;;;;;;;;;x
PROV423;Përmet;Përmet;Përmet;;;;;;;;;x
PROV424;Mjekes;Mjekes;Mjekes;;;;;;;;;x
PROV425;Vorë;Vorë;Vorë;;;;;;;;;x
PROV426;Shesh;Shesh;Shesh;;;;;;;;;x
PROV427;Kajce;Kajce;Kajce;;;;;;;;;x
PROV428;Tregan;Tregan;Tregan;;;;;;;;;x
PROV429;;;;;;;;;;;;x
PROV430;;;;;;;;;;;;x
PROV431;;;;;;;;;;;;x
PROV432;;;;;;;;;;;;x
PROV433;;;;;;;;;;;;x
PROV434;;;;;;;;;;;;x
PROV435;Portonovo;Portonovo;Portonovo;;;;;;;;;x
PROV436;Vinhoa;Vinhoa;Vinhoa;;;;;;;;;x
PROV437;Monteira;Monteira;Monteira;;;;;;;;;x
PROV438;Saliaca;Saliaca;Saliaca;;;;;;;;;x
PROV439;Loreto;Loreto;Loreto;;;;;;;;;x
PROV440;Xoia;Xoia;Xoia;;;;;;;;;x
PROV441;Neaño;Neaño;Neaño;;;;;;;;;x
PROV442;Marana;Marana;Marana;;;;;;;;;x
PROV443;Alevia;Alevia;Alevia;;;;;;;;;x
PROV444;Arnados;Arnados;Arnados;;;;;;;;;x
PROV445;Monterosso;Monterosso;Monterosso;;;;;;;;;x
PROV446;Enseada;Enseada;Enseada;;;;;;;;;x
PROV447;Covas;Covas;Covas;;;;;;;;;x
PROV448;Alamitos;Alamitos;Alamitos;;;;;;;;;x
PROV449;Vello oso;Vello oso;Vello oso;;;;;;;;;x
PROV450;Illa de Ventos;Illa de Ventos;Illa de Ventos;;;;;;;;;x
PROV451;Verride;Verride;Verride;;;;;;;;;x
PROV452;Escuna;Escuna;Escuna;;;;;;;;;x
PROV453;Louro;Louro;Louro;;;;;;;;;x
PROV454;Candeda;Candeda;Candeda;;;;;;;;;x
PROV455;Fonteboa;Fonteboa;Fonteboa;;;;;;;;;x
PROV456;Solano;Solano;Solano;;;;;;;;;x
PROV457;Três Pinheiros;Três Pinheiros;Três Pinheiros;;;;;;;;;x
PROV458;A Montaña;A Montaña;A Montaña;;;;;;;;;x
PROV459;Pieros;Pieros;Pieros;;;;;;;;;x
PROV460;Carrais;Carrais;Carrais;;;;;;;;;x
PROV461;A Egua;A Egua;A Egua;;;;;;;;;x
PROV462;Oputo;Oputo;Oputo;;;;;;;;;x
PROV463;Corullon;Corullon;Corullon;;;;;;;;;x
PROV464;Ourovila;Ourovila;Ourovila;;;;;;;;;x
PROV466;Fontoira;Fontoira;Fontoira;;;;;;;;;x
PROV467;Lebozin;Lebozin;Lebozin;;;;;;;;;x
PROV468;Rubias;Rubias;Rubias;;;;;;;;;x
PROV469;Obidos;Obidos;Obidos;;;;;;;;;x
PROV470;Calheta;Calheta;Calheta;;;;;;;;;x
PROV471;Ezcaray;Ezcaray;Ezcaray;;;;;;;;;x
PROV472;Lastur;Lastur;Lastur;;;;;;;;;x
PROV474;Itziar;Itziar;Itziar;;;;;;;;;x
PROV475;Agurain;Agurain;Agurain;;;;;;;;;x
PROV476;Gordoa;Gordoa;Gordoa;;;;;;;;;x
PROV477;Leza;Leza;Leza;;;;;;;;;x
PROV478;Azkoitia;Azkoitia;Azkoitia;;;;;;;;;x
PROV479;Clares;Clares;Clares;;;;;;;;;x
PROV480;Eslida;Eslida;Eslida;;;;;;;;;x
PROV481;Selas;Selas;Selas;;;;;;;;;x
PROV482;Mesita;Mesita;Mesita;;;;;;;;;x
PROV483;Peracense;Peracense;Peracense;;;;;;;;;x
PROV484;Artana;Artana;Artana;;;;;;;;;x
PROV485;Nules;Nules;Nules;;;;;;;;;x
PROV486;Mascarello;Mascarello;Mascarello;;;;;;;;;x
PROV487;Arbuna;Arbuna;Arbuna;;;;;;;;;x
PROV488;Alamosa;Alamosa;Alamosa;;;;;;;;;x
PROV489;Totana;Totana;Totana;;;;;;;;;x
PROV490;Mojacar;Mojacar;Mojacar;;;;;;;;;x
PROV491;Abla;Abla;Abla;;;;;;;;;x
PROV492;Altura;Altura;Altura;;;;;;;;;x
PROV493;Berchules;Berchules;Berchules;;;;;;;;;x
PROV494;Calahonda;Calahonda;Calahonda;;;;;;;;;x
PROV495;Tarro;Tarro;Tarro;;;;;;;;;x
PROV496;Los Anchos;Los Anchos;Los Anchos;;;;;;;;;x
PROV497;Aguilas;Aguilas;Aguilas;;;;;;;;;x
PROV498;Pampanico;Pampanico;Pampanico;;;;;;;;;x
PROV499;Gurrias;Gurrias;Gurrias;;;;;;;;;x
PROV500;Vicar;Vicar;Vicar;;;;;;;;;x
PROV501;Lanteira;Lanteira;Lanteira;;;;;;;;;x
PROV502;Aulago;Aulago;Aulago;;;;;;;;;x
PROV503;Turon;Turon;Turon;;;;;;;;;x
PROV504;Alaior;Alaior;Alaior;;;;;;;;;x
PROV505;Los Reyes;Los Reyes;Los Reyes;;;;;;;;;x
PROV506;Flores;Flores;Flores;;;;;;;;;x
PROV507;Carnoch;Carnoch;Carnoch;;;;;;;;;x
PROV508;Ardintoul;Ardintoul;Ardintoul;;;;;;;;;x
PROV509;Monar;Monar;Monar;;;;;;;;;x
PROV510;Conchra;Conchra;Conchra;;;;;;;;;x
PROV511;Arduaine;Arduaine;Arduaine;;;;;;;;;x
PROV512;Crinnan;Crinnan;Crinnan;;;;;;;;;x
PROV513;Poltalloch;Poltalloch;Poltalloch;;;;;;;;;x
PROV514;Aberargie;Aberargie;Aberargie;;;;;;;;;x
PROV515;Leanach;Leanach;Leanach;;;;;;;;;x
PROV516;Lochlane;Lochlane;Lochlane;;;;;;;;;x
PROV517;Arichonan;Arichonan;Arichonan;;;;;;;;;x
PROV518;Gearach;Gearach;Gearach;;;;;;;;;x
PROV519;Comrie;Comrie;Comrie;;;;;;;;;x
PROV520;Crinan;Crinan;Crinan;;;;;;;;;x
PROV521;Strathyre;Strathyre;Strathyre;;;;;;;;;x
PROV522;Scalasaig;Scalasaig;Scalasaig;;;;;;;;;x
PROV523;Laggan;Laggan;Laggan;;;;;;;;;x
PROV524;Kennacraig;Kennacraig;Kennacraig;;;;;;;;;x
PROV525;Carroglen;Carroglen;Carroglen;;;;;;;;;x
PROV526;Coilessan;Coilessan;Coilessan;;;;;;;;;x
PROV527;Luss;Luss;Luss;;;;;;;;;x
PROV528;Lisnarick;Lisnarick;Lisnarick;;;;;;;;;x
PROV529;Aghavea;Aghavea;Aghavea;;;;;;;;;x
PROV530;Kilraghts;Kilraghts;Kilraghts;;;;;;;;;x
PROV531;;;;;;;;;;;;x
PROV532;;;;;;;;;;;;x
PROV533;;;;;;;;;;;;x
PROV534;;;;;;;;;;;;x
PROV535;;;;;;;;;;;;x
PROV536;;;;;;;;;;;;x
PROV537;;;;;;;;;;;;x
PROV538;;;;;;;;;;;;x
PROV539;;;;;;;;;;;;x
PROV540;;;;;;;;;;;;x
PROV541;Aberhosan;Aberhosan;Aberhosan;;;;;;;;;x
PROV542;Wentnor;Wentnor;Wentnor;;;;;;;;;x
PROV543;Abergweysn;Abergweysn;Abergweysn;;;;;;;;;x
PROV544;Ludlow;Ludlow;Ludlow;;;;;;;;;x
PROV545;Glaspwll;Glaspwll;Glaspwll;;;;;;;;;x
PROV546;Middfai;Middfai;Middfai;;;;;;;;;x
PROV547;Wem;Wem;Wem;;;;;;;;;x
PROV548;Neuadd;Neuadd;Neuadd;;;;;;;;;x
PROV549;Ffaldybrenin;Ffaldybrenin;Ffaldybrenin;;;;;;;;;x
PROV550;Derwenlas;Derwenlas;Derwenlas;;;;;;;;;x
PROV551;Taliesin;Taliesin;Taliesin;;;;;;;;;x
PROV552;Cymerfyn;Cymerfyn;Cymerfyn;;;;;;;;;x
PROV553;Glandyfi;Glandyfi;Glandyfi;;;;;;;;;x
PROV554;Llangurig;Llangurig;Llangurig;;;;;;;;;x
PROV555;Cymbelan;Cymbelan;Cymbelan;;;;;;;;;x
PROV556;Arthog;Arthog;Arthog;;;;;;;;;x
PROV557;Tywyn;Tywyn;Tywyn;;;;;;;;;x
PROV558;Llanwnog;Llanwnog;Llanwnog;;;;;;;;;x
PROV559;Talerddig;Talerddig;Talerddig;;;;;;;;;x
PROV560;Gorsgoch;Gorsgoch;Gorsgoch;;;;;;;;;x
PROV561;Blaenplwyf;Blaenplwyf;Blaenplwyf;;;;;;;;;x
PROV562;Trefilan;Trefilan;Trefilan;;;;;;;;;x
PROV563;Minllyn;Minllyn;Minllyn;;;;;;;;;x
PROV564;Dolfach;Dolfach;Dolfach;;;;;;;;;x
PROV565;Llanbrynmair;Llanbrynmair;Llanbrynmair;;;;;;;;;x
PROV566;Abercywarch;Abercywarch;Abercywarch;;;;;;;;;x
PROV567;Cilcennin;Cilcennin;Cilcennin;;;;;;;;;x
PROV568;Ynyslas;Ynyslas;Ynyslas;;;;;;;;;x
PROV569;Friog;Friog;Friog;;;;;;;;;x
PROV570;Benbuie;Benbuie;Benbuie;;;;;;;;;x
PROV571;Caolet;Caolet;Caolet;;;;;;;;;x
PROV572;Craigmalloch;Craigmalloch;Craigmalloch;;;;;;;;;x
PROV573;Eriff;Eriff;Eriff;;;;;;;;;x
PROV584;;;;;;;;;;;;x
PROV585;;;;;;;;;;;;x
PROV586;;;;;;;;;;;;x
PROV587;;;;;;;;;;;;x
PROV588;;;;;;;;;;;;x
PROV589;;;;;;;;;;;;x
PROV590;;;;;;;;;;;;x
PROV591;;;;;;;;;;;;x
PROV592;;;;;;;;;;;;x
PROV593;Semacria;Semacria;Semacria;;;;;;;;;x
PROV594;Anchialos;Anchialos;Anchialos;;;;;;;;;x
PROV595;Etosopolis;Etosopolis;Etosopolis;;;;;;;;;x
PROV596;Tselikas;Tselikas;Tselikas;;;;;;;;;x
PROV597;Lisia;Lisia;Lisia;;;;;;;;;x
PROV598;Psathakis;Psathakis;Psathakis;;;;;;;;;x
PROV599;Agia;Agia;Agia;;;;;;;;;x
PROV600;Nikosia;Nikosia;Nikosia;;;;;;;;;x
PROV601;Aponion;Aponion;Aponion;;;;;;;;;x
PROV602;Arsisos;Arsisos;Arsisos;;;;;;;;;x
PROV603;Aetolophos;Aetolophos;Aetolophos;;;;;;;;;x
PROV604;Naucrike;Naucrike;Naucrike;;;;;;;;;x
PROV605;Achelos;Achelos;Achelos;;;;;;;;;x
PROV606;Ganema;Ganema;Ganema;;;;;;;;;x
PROV607;Melikia;Melikia;Melikia;;;;;;;;;x
PROV608;Klidos;Klidos;Klidos;;;;;;;;;x
PROV609;Fira;Fira;Fira;;;;;;;;;x
PROV610;Agiassos;Agiassos;Agiassos;;;;;;;;;x
PROV611;Philoti;Philoti;Philoti;;;;;;;;;x
PROV612;;;;;;;;;;;;x
PROV613;;;;;;;;;;;;x
PROV614;Romissa;Romissa;Romissa;;;;;;;;;x
PROV615;Sciglio;Sciglio;Sciglio;;;;;;;;;x
PROV616;Marsala;Marsala;Marsala;;;;;;;;;x
PROV617;Gisira;Gisira;Gisira;;;;;;;;;x
PROV618;Laea;Laea;Laea;;;;;;;;;x
PROV619;Thalassapolis;Thalassapolis;Thalassapolis;;;;;;;;;x
PROV620;Himelia;Himelia;Himelia;;;;;;;;;x
PROV621;Ambestias;Ambestias;Ambestias;;;;;;;;;x
PROV622;Phocaea;Phocaea;Phocaea;;;;;;;;;x
PROV623;Susia;Susia;Susia;;;;;;;;;x
PROV624;;;;;;;;;;;;x
PROV673;Gohrenberg;Gohrenberg;Gohrenberg;;;;;;;;;x
PROV674;Werdau;Werdau;Werdau;;;;;;;;;x
PROV675;Aspach;Aspach;Aspach;;;;;;;;;x
PROV676;Rohrbach;Rohrbach;Rohrbach;;;;;;;;;x
PROV677;Ebenheim;Ebenheim;Ebenheim;;;;;;;;;x
PROV678;Leiten;Leiten;Leiten;;;;;;;;;x
PROV679;Aschau;Aschau;Aschau;;;;;;;;;x
PROV680;Haaser;Haaser;Haaser;;;;;;;;;x
PROV681;Steinach;Steinach;Steinach;;;;;;;;;x
PROV694;Sieverstedt;Sieverstedt;Sieverstedt;;;;;;;;;x
PROV695;Holm;Holm;Holm;;;;;;;;;x
PROV696;Mildstedt;Mildstedt;Mildstedt;;;;;;;;;x
PROV697;Neubeck;Neubeck;Neubeck;;;;;;;;;x
PROV698;Jubek;Jubek;Jubek;;;;;;;;;x
PROV699;Handevitt;Handevitt;Handevitt;;;;;;;;;x
PROV700;Tirslund;Tirslund;Tirslund;;;;;;;;;x
PROV701;Brand;Brand;Brand;;;;;;;;;x
PROV702;Arne;Arne;Arne;;;;;;;;;x
PROV703;Gunarsted;Gunarsted;Gunarsted;;;;;;;;;x
PROV704;Ostarsted;Ostarsted;Ostarsted;;;;;;;;;x
PROV705;Struer;Struer;Struer;;;;;;;;;x
PROV706;Vridsted;Vridsted;Vridsted;;;;;;;;;x
PROV707;Lemvig;Lemvig;Lemvig;;;;;;;;;x
PROV709;Leirviksted;Leirviksted;Leirviksted;;;;;;;;;x
PROV710;Hovland;Hovland;Hovland;;;;;;;;;x
PROV711;Langlim;Langlim;Langlim;;;;;;;;;x
PROV712;Onarheim;Onarheim;Onarheim;;;;;;;;;x
PROV716;Klovset;Klovset;Klovset;;;;;;;;;x
PROV717;Grindal;Grindal;Grindal;;;;;;;;;x
PROV721;Vatne;Vatne;Vatne;;;;;;;;;x
PROV723;Skogvelen;Skogvelen;Skogvelen;;;;;;;;;x
PROV725;Flostrand;Flostrand;Flostrand;;;;;;;;;x
PROV727;Stjordal;Stjordal;Stjordal;;;;;;;;;x
PROV729;Lavangen;Lavangen;Lavangen;;;;;;;;;x
PROV732;Kallset;Kallset;Kallset;;;;;;;;;x
PROV734;Liland;Liland;Liland;;;;;;;;;x
PROV735;Rana;Rana;Rana;;;;;;;;;x
PROV737;Setermoen;Setermoen;Setermoen;;;;;;;;;x
PROV740;Brekkstad;Brekkstad;Brekkstad;;;;;;;;;x
PROV742;Lenvik;Lenvik;Lenvik;;;;;;;;;x
PROV743;Rossvall;Rossvall;Rossvall;;;;;;;;;x
PROV745;Snorre;Snorre;Snorre;;;;;;;;;x
PROV746;Asulf;Asulf;Asulf;;;;;;;;;x
PROV747;Thorolf;Thorolf;Thorolf;;;;;;;;;x
PROV751;Hjalta;Hjalta;Hjalta;;;;;;;;;x
PROV752;Artrik;Artrik;Artrik;;;;;;;;;x
PROV753;Junsele;Junsele;Junsele;;;;;;;;;x
PROV754;Naske;Naske;Naske;;;;;;;;;x
PROV755;Halviken;Halviken;Halviken;;;;;;;;;x
PROV756;Bjorka;Bjorka;Bjorka;;;;;;;;;x
PROV757;Asele;Asele;Asele;;;;;;;;;x
PROV758;Djupdal;Djupdal;Djupdal;;;;;;;;;x
PROV759;Bringen;Bringen;Bringen;;;;;;;;;x
PROV760;Lunne;Lunne;Lunne;;;;;;;;;x
PROV761;Mortsal;Mortsal;Mortsal;;;;;;;;;x
PROV762;Gene;Gene;Gene;;;;;;;;;x
PROV763;Bergom;Bergom;Bergom;;;;;;;;;x
PROV764;Galven;Galven;Galven;;;;;;;;;x
PROV766;Malgovik;Malgovik;Malgovik;;;;;;;;;x
PROV767;Roka;Roka;Roka;;;;;;;;;x
PROV768;Grode;Grode;Grode;;;;;;;;;x
PROV769;Bjasta;Bjasta;Bjasta;;;;;;;;;x
PROV770;Amynnet;Amynnet;Amynnet;;;;;;;;;x
PROV774;Hósvík;Hósvík;Hósvík;;;;;;;;;x
PROV775;Geilin;Geilin;Geilin;;;;;;;;;x
PROV776;Laugarvik;Laugarvik;Laugarvik;;;;;;;;;x
PROV777;Ábær;Ábær;Ábær;;;;;;;;;x
PROV778;Flúðir;Flúðir;Flúðir;;;;;;;;;x
PROV779;Hruni;Hruni;Hruni;;;;;;;;;x
PROV780;Einarsfjörður;Einarsfjörður;Einarsfjörður;;;;;;;;;x
PROV781;Osborg;Osborg;Osborg;;;;;;;;;x
PROV782;Austurfjörður;Austurfjörður;Austurfjörður;;;;;;;;;x
PROV783;Reynirfjörður;Reynirfjörður;Reynirfjörður;;;;;;;;;x
PROV784;Porlammi;Porlammi;Porlammi;;;;;;;;;x
PROV785;Korttia;Korttia;Korttia;;;;;;;;;x
PROV786;Likkala;Likkala;Likkala;;;;;;;;;x
PROV787;Savikulma;Savikulma;Savikulma;;;;;;;;;x
PROV788;Raippo;Raippo;Raippo;;;;;;;;;x
PROV789;Tirla;Tirla;Tirla;;;;;;;;;x
PROV790;Rasimäki;Rasimäki;Rasimäki;;;;;;;;;x
PROV791;Ketunkorpi;Ketunkorpi;Ketunkorpi;;;;;;;;;x
PROV792;Paltamo;Paltamo;Paltamo;;;;;;;;;x
PROV793;Lontta;Lontta;Lontta;;;;;;;;;x
PROV794;Lemi;Lemi;Lemi;;;;;;;;;x
PROV795;A;A;A;;;;;;;;;x
PROV796;A;A;A;;;;;;;;;x
PROV797;A;A;A;;;;;;;;;x
PROV798;A;A;A;;;;;;;;;x
PROV799;A;A;A;;;;;;;;;x
PROV800;A;A;A;;;;;;;;;x
PROV801;A;A;A;;;;;;;;;x
PROV802;A;A;A;;;;;;;;;x
PROV803;B;B;B;;;;;;;;;x
PROV804;B;B;B;;;;;;;;;x
PROV805;B;B;B;;;;;;;;;x
PROV806;B;B;B;;;;;;;;;x
PROV807;B;B;B;;;;;;;;;x
PROV808;B;B;B;;;;;;;;;x
PROV809;B;B;B;;;;;;;;;x
PROV810;B;B;B;;;;;;;;;x
PROV811;B;B;B;;;;;;;;;x
PROV812;B;B;B;;;;;;;;;x
PROV828;;;;;;;;;;;;x
PROV829;;;;;;;;;;;;x
PROV830;;;;;;;;;;;;x
PROV831;;;;;;;;;;;;x
PROV832;;;;;;;;;;;;x
PROV833;;;;;;;;;;;;x
PROV834;;;;;;;;;;;;x
PROV835;;;;;;;;;;;;x
PROV836;;;;;;;;;;;;x
PROV837;;;;;;;;;;;;x
PROV842;;;;;;;;;;;;x
PROV843;;;;;;;;;;;;x
PROV844;;;;;;;;;;;;x
PROV845;;;;;;;;;;;;x
PROV846;;;;;;;;;;;;x
PROV847;;;;;;;;;;;;x
PROV850;Kulov;Kulov;Kulov;;;;;;;;;x
PROV851;Navolok;Navolok;Navolok;;;;;;;;;x
PROV852;Dvoyni;Dvoyni;Dvoyni;;;;;;;;;x
PROV853;;;;;;;;;;;;x
PROV854;;;;;;;;;;;;x
PROV855;;;;;;;;;;;;x
PROV856;;;;;;;;;;;;x
PROV857;;;;;;;;;;;;x
PROV858;;;;;;;;;;;;x
PROV859;;;;;;;;;;;;x
PROV860;;;;;;;;;;;;x
PROV861;;;;;;;;;;;;x
PROV862;;;;;;;;;;;;x
PROV863;;;;;;;;;;;;x
PROV864;;;;;;;;;;;;x
PROV865;;;;;;;;;;;;x
PROV866;;;;;;;;;;;;x
PROV867;;;;;;;;;;;;x
PROV868;;;;;;;;;;;;x
PROV869;;;;;;;;;;;;x
PROV870;;;;;;;;;;;;x
PROV871;;;;;;;;;;;;x
PROV872;;;;;;;;;;;;x
PROV873;;;;;;;;;;;;x
PROV874;;;;;;;;;;;;x
PROV875;;;;;;;;;;;;x
PROV876;;;;;;;;;;;;x
PROV877;;;;;;;;;;;;x
PROV878;;;;;;;;;;;;x
PROV879;;;;;;;;;;;;x
PROV880;;;;;;;;;;;;x
PROV881;;;;;;;;;;;;x
PROV882;;;;;;;;;;;;x
PROV883;;;;;;;;;;;;x
PROV884;;;;;;;;;;;;x
PROV885;;;;;;;;;;;;x
PROV886;;;;;;;;;;;;x
PROV887;;;;;;;;;;;;x
PROV888;;;;;;;;;;;;x
PROV889;;;;;;;;;;;;x
PROV890;;;;;;;;;;;;x
PROV891;;;;;;;;;;;;x
PROV892;;;;;;;;;;;;x
PROV893;;;;;;;;;;;;x
PROV894;;;;;;;;;;;;x
PROV895;;;;;;;;;;;;x
PROV896;;;;;;;;;;;;x
PROV897;;;;;;;;;;;;x
PROV898;;;;;;;;;;;;x
PROV899;;;;;;;;;;;;x
PROV900;;;;;;;;;;;;x
PROV901;;;;;;;;;;;;x
PROV902;;;;;;;;;;;;x
PROV903;;;;;;;;;;;;x
PROV904;;;;;;;;;;;;x
PROV905;;;;;;;;;;;;x
PROV906;;;;;;;;;;;;x
PROV907;;;;;;;;;;;;x
PROV908;;;;;;;;;;;;x
PROV909;;;;;;;;;;;;x
PROV910;;;;;;;;;;;;x
PROV911;;;;;;;;;;;;x
PROV912;;;;;;;;;;;;x
PROV913;;;;;;;;;;;;x
PROV914;;;;;;;;;;;;x
PROV915;;;;;;;;;;;;x
PROV916;;;;;;;;;;;;x
PROV917;;;;;;;;;;;;x
PROV918;;;;;;;;;;;;x
PROV919;;;;;;;;;;;;x
PROV920;;;;;;;;;;;;x
PROV921;;;;;;;;;;;;x
PROV922;;;;;;;;;;;;x
PROV923;;;;;;;;;;;;x
PROV924;;;;;;;;;;;;x
PROV925;;;;;;;;;;;;x
PROV926;;;;;;;;;;;;x
PROV927;;;;;;;;;;;;x
PROV928;;;;;;;;;;;;x
PROV929;;;;;;;;;;;;x
PROV930;;;;;;;;;;;;x
PROV931;;;;;;;;;;;;x
PROV932;;;;;;;;;;;;x
PROV933;;;;;;;;;;;;x
PROV934;;;;;;;;;;;;x
PROV935;;;;;;;;;;;;x
PROV936;Coste du Folac;Coste du Folac;Coste du Folac;;;;;;;;;x
PROV937;Ariavita;Ariavita;Ariavita;;;;;;;;;x
PROV938;Costa di Vindoli;Costa di Vindoli;Costa di Vindoli;;;;;;;;;x
PROV939;Baia di Falerona;Baia di Falerona;Baia di Falerona;;;;;;;;;x
PROV940;La Bocca;La Bocca;La Bocca;;;;;;;;;x
PROV941;Golfo dei Diamanti;Golfo dei Diamanti;Golfo dei Diamanti;;;;;;;;;x
PROV942;Il Corno;Il Corno;Il Corno;;;;;;;;;x
PROV943;Rive d'Pasque;Rive d'Pasque;Rive d'Pasque;;;;;;;;;x
PROV944;Mare Incognitum;Mare Incognitum;Mare Incognitum;;;;;;;;;x
PROV946;Coste du Vradneau;Coste du Vradneau;Coste du Vradneau;;;;;;;;;x
PROV947;Naux;Naux;Naux;;;;;;;;;x
PROV948;Naux;Naux;Naux;;;;;;;;;x
PROV952;Tatrer;Tatrer;Tatrer;;;;;;;;;x
PROV953;;;;;;;;;;;;x
PROV954;;;;;;;;;;;;x
PROV955;;;;;;;;;;;;x
PROV956;;;;;;;;;;;;x
PROV957;;;;;;;;;;;;x
PROV958;;;;;;;;;;;;x
PROV959;;;;;;;;;;;;x
PROV960;;;;;;;;;;;;x
PROV961;;;;;;;;;;;;x
PROV962;;;;;;;;;;;;x
PROV963;;;;;;;;;;;;x
PROV964;;;;;;;;;;;;x
PROV965;;;;;;;;;;;;x
PROV966;;;;;;;;;;;;x
PROV967;;;;;;;;;;;;x
PROV971;;;;;;;;;;;;x
PROV973;;;;;;;;;;;;x
PROV974;;;;;;;;;;;;x
PROV975;Insular Bank;Insular Bank;Insular Bank;;;;;;;;;x
PROV976;Bay of Achelos;Bay of Achelos;Bay of Achelos;;;;;;;;;x
PROV977;Strait of Nikosia;Strait of Nikosia;Strait of Nikosia;;;;;;;;;x
PROV978;;;;;;;;;;;;x
PROV979;Kyrosian Gulf;Kyrosian Gulf;Kyrosian Gulf;;;;;;;;;x
PROV980;Levantine-ish Sea;Levantine-ish Sea;Levantine-ish Sea;;;;;;;;;x
PROV981;Levantine-ish Sea;Levantine-ish Sea;Levantine-ish Sea;;;;;;;;;x
PROV982;Levantine-ish Sea;Levantine-ish Sea;Levantine-ish Sea;;;;;;;;;x
PROV983;;;;;;;;;;;;x
PROV984;;;;;;;;;;;;x
PROV985;;;;;;;;;;;;x
PROV986;;;;;;;;;;;;x
PROV987;;;;;;;;;;;;x
PROV988;;;;;;;;;;;;x
PROV989;Courant Rayne Sud;Courant Rayne Sud;Courant Rayne Sud;;;;;;;;;x
PROV990;Los Vents;Los Vents;Los Vents;;;;;;;;;x
PROV991;Sea of ?;Sea of ?;Sea of ?;;;;;;;;;x
PROV992;;;;;;;;;;;;x
PROV993;Alizes des Mouettes;Alizes des Mouettes;Alizes des Mouettes;;;;;;;;;x
PROV997;;;;;;;;;;;;x
PROV998;;;;;;;;;;;;x
PROV999;Costa de Silanu;Costa de Silanu;Costa de Silanu;;;;;;;;;x
PROV1000;;;;;;;;;;;;x
PROV1001;;;;;;;;;;;;x
PROV1003;;;;;;;;;;;;x
PROV1004;;;;;;;;;;;;x
PROV1005;;;;;;;;;;;;x
PROV1006;;;;;;;;;;;;x
PROV1007;;;;;;;;;;;;x
PROV1008;;;;;;;;;;;;x
PROV1009;;;;;;;;;;;;x
PROV1010;;;;;;;;;;;;x
PROV1011;;;;;;;;;;;;x
PROV1012;;;;;;;;;;;;x
PROV1013;;;;;;;;;;;;x
PROV1014;Costa Bonita;Costa Bonita;Costa Bonita;;;;;;;;;x
PROV1015;Costa Saliaca;Costa Saliaca;Costa Saliaca;;;;;;;;;x
PROV1016;;;;;;;;;;;;x
PROV1017;;;;;;;;;;;;x
PROV1018;Saxon Coasts;Saxon Coasts;Saxon Coasts;;;;;;;;;x
PROV1019;N Saxon Coasts;N Saxon Coasts;N Saxon Coasts;;;;;;;;;x
PROV1020;East Dividing Sea;East Dividing Sea;East Dividing Sea;;;;;;;;;x
PROV1021;NE Dividing Sea;NE Dividing Sea;NE Dividing Sea;;;;;;;;;x
PROV1022;Lemvig's Shore;Lemvig's Shore;Lemvig's Shore;;;;;;;;;x
PROV1023;Gunnar's Coast;Gunnar's Coast;Gunnar's Coast;;;;;;;;;x
PROV1024;Dele Havet;Dele Havet;Dele Havet;;;;;;;;;x
PROV1025;Kysten av Myra;Kysten av Myra;Kysten av Myra;;;;;;;;;x
PROV1026;Kapp Flostrand;Kapp Flostrand;Kapp Flostrand;;;;;;;;;x
PROV1027;Kysten av Lavangen;Kysten av Lavangen;Kysten av Lavangen;;;;;;;;;x
PROV1028;Skagen;Skagen;Skagen;;;;;;;;;x
PROV1029;The Three Lakes;The Three Lakes;The Three Lakes;;;;;;;;;x
PROV1030;Isete Kysten;Isete Kysten;Isete Kysten;;;;;;;;;x
PROV1031;;;;;;;;;;;;x
PROV1032;River ?;River ?;River ?;;;;;;;;;x
PROV1033;River ?;River ?;River ?;;;;;;;;;x
PROV1034;;;;;;;;;;;;x
PROV1035;;;;;;;;;;;;x
PROV1036;;;;;;;;;;;;x
PROV1037;;;;;;;;;;;;x
PROV1038;;;;;;;;;;;;x
PROV1039;;;;;;;;;;;;x
PROV1040;;;;;;;;;;;;x
PROV1041;;;;;;;;;;;;x
PROV1042;;;;;;;;;;;;x
PROV1043;;;;;;;;;;;;x
PROV1044;;;;;;;;;;;;x
PROV1045;;;;;;;;;;;;x
PROV1046;;;;;;;;;;;;x
PROV1047;;;;;;;;;;;;x
PROV1048;Laugarvisk Sjó;Laugarvisk Sjó;Laugarvisk Sjó;;;;;;;;;x
PROV1049;Frystinguströnd;Frystinguströnd;Frystinguströnd;;;;;;;;;x
PROV1050;;;;;;;;;;;;x
PROV1051;;;;;;;;;;;;x
PROV1052;Slavic Seas;Slavic Seas;Slavic Seas;;;;;;;;;x
PROV1053;;;;;;;;;;;;x
PROV1054;Zaliv Kulova;Zaliv Kulova;Zaliv Kulova;;;;;;;;;x
PROV1055;River ???;River ???;River ???;;;;;;;;;x
PROV1056;Ukraine-base river;Ukraine-base river;Ukraine-base river;;;;;;;;;x
PROV1057;Russia-base river;Russia-base river;Russia-base river;;;;;;;;;x
PROV1058;;;;;;;;;;;;x
PROV1062;;;;;;;;;;;;x
PROV1063;;;;;;;;;;;;x
PROV1064;;;;;;;;;;;;x
PROV1065;;;;;;;;;;;;x
PROV1066;;;;;;;;;;;;x
PROV1067;;;;;;;;;;;;x
PROV1068;;;;;;;;;;;;x
PROV1069;;;;;;;;;;;;x
PROV1070;;;;;;;;;;;;x
PROV1071;;;;;;;;;;;;x
PROV1072;;;;;;;;;;;;x
PROV1073;;;;;;;;;;;;x
PROV1074;;;;;;;;;;;;x
PROV1075;;;;;;;;;;;;x
PROV1076;Ria Roja;Ria Roja;Ria Roja;;;;;;;;;x
PROV1077;Costa Alaiora;Costa Alaiora;Costa Alaiora;;;;;;;;;x
PROV1078;;;;;;;;;;;;x
PROV1079;;;;;;;;;;;;x
PROV1080;;;;;;;;;;;;x
PROV1081;;;;;;;;;;;;x
PROV1082;;;;;;;;;;;;x
PROV1083;;;;;;;;;;;;x
PROV1084;;;;;;;;;;;;x
PROV1085;;;;;;;;;;;;x
PROV1086;;;;;;;;;;;;x
PROV1087;;;;;;;;;;;;x
PROV1091;;;;;;;;;;;;x
PROV1092;;;;;;;;;;;;x
PROV1093;;;;;;;;;;;;x
PROV1094;;;;;;;;;;;;x
PROV1095;;;;;;;;;;;;x
PROV1096;;;;;;;;;;;;x
PROV1097;;;;;;;;;;;;x
PROV1098;;;;;;;;;;;;x
PROV1099;;;;;;;;;;;;x
PROV1100;;;;;;;;;;;;x
PROV1101;;;;;;;;;;;;x
PROV1102;;;;;;;;;;;;x
PROV1103;;;;;;;;;;;;x
PROV1104;;;;;;;;;;;;x
PROV1105;;;;;;;;;;;;x
PROV1106;;;;;;;;;;;;x
PROV1107;;;;;;;;;;;;x
PROV1108;Almadiq Tawila;Almadiq Tawila;Almadiq Tawila;;;;;;;;;x
PROV1109;Alkhalij Talmae;Alkhalij Talmae;Alkhalij Talmae;;;;;;;;;x
PROV1110;Albawwaba;Albawwaba;Albawwaba;;;;;;;;;x
PROV1111;Loch Caioreach;Loch Caioreach;Loch Caioreach;;;;;;;;;x
PROV1112;Caioreach;Caioreach;Caioreach;;;;;;;;;x
PROV1113;;;;;;;;;;;;x
PROV1114;;;;;;;;;;;;x
PROV1115;;;;;;;;;;;;x
PROV1116;;;;;;;;;;;;x
PROV1117;;;;;;;;;;;;x
PROV1118;;;;;;;;;;;;x
PROV1119;;;;;;;;;;;;x
PROV1120;;;;;;;;;;;;x
PROV1190;;;;;;;;;;;;x
PROV1191;;;;;;;;;;;;x
PROV1192;;;;;;;;;;;;x
PROV1193;;;;;;;;;;;;x
PROV1194;;;;;;;;;;;;x
PROV1195;;;;;;;;;;;;x
PROV1196;;;;;;;;;;;;x
PROV1197;;;;;;;;;;;;x
PROV1198;;;;;;;;;;;;x
PROV1199;;;;;;;;;;;;x
PROV1200;As Sahna;As Sahna;As Sahna;;;;;;;;;x
PROV1201;Dibiyya;Dibiyya;Dibiyya;;;;;;;;;x
PROV1202;Muhabi;Muhabi;Muhabi;;;;;;;;;x
PROV1203;Tazlah;Tazlah;Tazlah;;;;;;;;;x
PROV1204;Al Ansar;Al Ansar;Al Ansar;;;;;;;;;x
PROV1205;Dillah;Dillah;Dillah;;;;;;;;;x
PROV1206;Al-Farrah;Al-Farrah;Al-Farrah;;;;;;;;;x
PROV1207;Hathah;Hathah;Hathah;;;;;;;;;x
PROV1208;Daresh;Daresh;Daresh;;;;;;;;;x
PROV1209;Wadi Rim;Wadi Rim;Wadi Rim;;;;;;;;;x
PROV1210;Haleb;Haleb;Haleb;;;;;;;;;x
PROV1211;Abu Asfan;Abu Asfan;Abu Asfan;;;;;;;;;x
PROV1212;Billa;Billa;Billa;;;;;;;;;x
PROV1213;Nedjan;Nedjan;Nedjan;;;;;;;;;x
PROV1214;Madinat altt'Alluq;Madinat altt'Alluq;Madinat altt'Alluq;;;;;;;;;x
PROV1215;Wadi Shamal;Wadi Shamal;Wadi Shamal;;;;;;;;;x
PROV1216;Al Eimran;Al Eimran;Al Eimran;;;;;;;;;x
PROV1217;Sfiyadh;Sfiyadh;Sfiyadh;;;;;;;;;x
PROV1218;Musbtar;Musbtar;Musbtar;;;;;;;;;x
PROV1230;Likros;Likros;Likros;;;;;;;;;x
PROV1231;Zifta;Zifta;Zifta;;;;;;;;;x
PROV1232;Dimu;Dimu;Dimu;;;;;;;;;x
PROV1233;Maydum;Maydum;Maydum;;;;;;;;;x
PROV1234;Nawwara;Nawwara;Nawwara;;;;;;;;;x
PROV1235;Mazghuna;Mazghuna;Mazghuna;;;;;;;;;x
PROV1236;Napsus;Napsus;Napsus;;;;;;;;;x
PROV1237;Meme;Meme;Meme;;;;;;;;;x
PROV1238;Edponet;Edponet;Edponet;;;;;;;;;x
PROV1239;Tjere;Tjere;Tjere;;;;;;;;;x
PROV1240;Amnu;Amnu;Amnu;;;;;;;;;x
PROV1241;Shetsut;Shetsut;Shetsut;;;;;;;;;x
PROV1242;Shemu;Shemu;Shemu;;;;;;;;;x
PROV1243;Tarbei;Tarbei;Tarbei;;;;;;;;;x
PROV1244;Aksin;Aksin;Aksin;;;;;;;;;x
PROV1245;Hem;Hem;Hem;;;;;;;;;x
PROV1246;Eskou;Eskou;Eskou;;;;;;;;;x
PROV1247;Qirum;Qirum;Qirum;;;;;;;;;x
PROV1248;Ashri;Ashri;Ashri;;;;;;;;;x
PROV1249;Tarshedet;Tarshedet;Tarshedet;;;;;;;;;x
PROV1250;The White Desert;The White Desert;The White Desert;;;;;;;;;x
PROV1251;Akhme;Akhme;Akhme;;;;;;;;;x
PROV1252;Kodenis;Kodenis;Kodenis;;;;;;;;;x
PROV1253;Aksan;Aksan;Aksan;;;;;;;;;x
PROV1254;Nektefu;Nektefu;Nektefu;;;;;;;;;x
PROV1255;Kuruten;Kuruten;Kuruten;;;;;;;;;x
PROV1256;Djerdan;Djerdan;Djerdan;;;;;;;;;x
PROV1258;Tutun;Tutun;Tutun;;;;;;;;;x
PROV1269;Mila;Mila;Mila;;;;;;;;;x
PROV1270;Lessuda;Lessuda;Lessuda;;;;;;;;;x
PROV1271;Maktaris;Maktaris;Maktaris;;;;;;;;;x
PROV1272;Zeraia;Zeraia;Zeraia;;;;;;;;;x
PROV1273;Bazina;Bazina;Bazina;;;;;;;;;x
PROV1274;Linosa;Linosa;Linosa;;;;;;;;;x
PROV1275;Hictria;Hictria;Hictria;;;;;;;;;x
PROV1276;Foussana;Foussana;Foussana;;;;;;;;;x
PROV1277;Taguedit;Taguedit;Taguedit;;;;;;;;;x
PROV1278;Naida;Naida;Naida;;;;;;;;;x
PROV1279;Tougrus;Tougrus;Tougrus;;;;;;;;;x
PROV1280;Nebos;Nebos;Nebos;;;;;;;;;x
PROV1281;Bishekta;Bishekta;Bishekta;;;;;;;;;x
PROV1282;Adono;Adono;Adono;;;;;;;;;x
PROV1283;Obelos;Obelos;Obelos;;;;;;;;;x
PROV1284;Hadir;Hadir;Hadir;;;;;;;;;x
PROV1285;Aqaba;Aqaba;Aqaba;;;;;;;;;x
PROV1286;Bandar;Bandar;Bandar;;;;;;;;;x
PROV1287;;;;;;;;;;;;x
PROV1289;;;;;;;;;;;;x
PROV1290;;;;;;;;;;;;x
PROV1291;;;;;;;;;;;;x
PROV1292;;;;;;;;;;;;x
PROV1293;;;;;;;;;;;;x
PROV1294;;;;;;;;;;;;x
PROV1295;;;;;;;;;;;;x
PROV1296;;;;;;;;;;;;x
PROV1297;;;;;;;;;;;;x
PROV1298;;;;;;;;;;;;x
PROV1299;;;;;;;;;;;;x
PROV1300;;;;;;;;;;;;x
PROV1301;;;;;;;;;;;;x
PROV1302;;;;;;;;;;;;x
PROV1303;Hieroz;Hieroz;Hieroz;;;;;;;;;x
PROV1304;Timorim;Timorim;Timorim;;;;;;;;;x
PROV1305;Nevatim;Nevatim;Nevatim;;;;;;;;;x
PROV1306;Yinon;Yinon;Yinon;;;;;;;;;x
PROV1307;Tarshish;Tarshish;Tarshish;;;;;;;;;x
PROV1308;Revadim;Revadim;Revadim;;;;;;;;;x
PROV1309;Hura;Hura;Hura;;;;;;;;;x
PROV1310;Tula;Tula;Tula;;;;;;;;;x
PROV1311;Barko;Barko;Barko;;;;;;;;;x
PROV1312;Semna;Semna;Semna;;;;;;;;;x
PROV1313;Tabat;Tabat;Tabat;;;;;;;;;x
PROV1314;Kyeswa;Kyeswa;Kyeswa;;;;;;;;;x
PROV1315;Doma;Doma;Doma;;;;;;;;;x
PROV1316;Agan;Agan;Agan;;;;;;;;;x
PROV1317;Hawa;Hawa;Hawa;;;;;;;;;x
PROV1318;Merouana;Merouana;Merouana;;;;;;;;;x
PROV1319;Chemora;Chemora;Chemora;;;;;;;;;x
PROV1320;;;;;;;;;;;;x
PROV1321;;;;;;;;;;;;x
PROV1322;Rajaur;Rajaur;Rajaur;;;;;;;;;x
PROV1324;Gahanapur;Gahanapur;Gahanapur;;;;;;;;;x
PROV1326;;;;;;;;;;;;x
PROV1327;Motee ke Samudr;Motee ke Samudr;Motee ke Samudr;;;;;;;;;x
PROV1328;;;;;;;;;;;;x
